Name,TownName,Owner,PopulationPerc,Culture,Religion,CoreOf,HistoricalOf,CoA,Fame,LocalUnits
,,,,,,,,,,
Karvuna,Karvuna,Bulgaria,-,Bulgarian,Pagan,,,,,-
Karvuna.E,-,-,Bulgaria.80,-,-,,,,,-
Karvuna.M,-,-,-,-,-,,,,,Boyar_Special
Karvuna.L,-,-,-,-,-,,,,,Boyar_Special
Bavaria,Augsburg,-,-,Bavarian,Catholic,,,,,-
Ouargla,Ouargla,-,-,Zenata,Sunni,,,,,-
Ghadames,Ghadames,-,-,Zenata,Sunni,,,,,-
Ulster,Armagh,Dal_Riata,-,Irish,Catholic,,,,,Viking_Special
Ulster.M,-,-,-,-,-,,,,,Hobelar_Special
Ulster.L,-,-,-,-,-,,,,,Hobelar_Special
Hoggar,Tamanrasset,-,-,Tuareg,Sunni,,,,,Camel_Rider_Special/Camel_Archer_Special
Hajrah,Hajrah,-,-,Arab,Shia,,,,,Horse_Archer_Arab
Navarra,Pamplona,-,-,Basque,Catholic,,,,,Jinetes_Special/Feudal_Knight_Special
Navarra.E,-,-,-,-,-,,,,,-
Navarra.L,-,-,-,-,-,,,,,-
Al_Duwadimi,Duwadimi,-,-,Arab,Muslim.H,,,,,Horse_Archer_Arab
Al_Duwadimi.E,-,-,-,-,-,,,,,-
Al_Duwadimi.M,-,-,-,-,-,,,,,-
Al_Duwadimi.L,-,-,-,-,-,,,,,-
Taghaza,Taghaza,-,-,Masmuda,Sunni,,,,,Camel_Rider_Special/Camel_Archer_Special
Taghaza.E,-,-,-,-,-,,,,,-
Taghaza.M,-,-,-,-,-,,,,,-
Taghaza.L,-,-,-,-,-,,,,,-
Attica,Athens,Byzantium,-,Byzantine,Orthodox,,,,,-
Attica.E,-,-,-,-,-,,,,,Roman_Infantry_Special/Cataphract_Special/Pronoia_Special
Attica.M,-,-,Byzantium.80,-,-,,,,,Varangian_Guard_Special/Cataphract_Special/Pronoia_Special
Attica.L,-,-,Byzantium.60,-,-,,,,,Varangian_Guard_Special
Epirus,Arta,Byzantium,-,Byzantine,Orthodox,,,,,-
Epirus.E,-,-,-,-,-,,,,,Roman_Infantry_Special/Cataphract_Special/Pronoia_Special
Epirus.L,-,-,Byzantium.70,-,-,,,,,-
Savoy,Torino,-,-,Italian,Catholic,,,,,Man_At_Arms_Special/Pavise_Crossbowman_Special
Achaea,Mistras,Byzantium,-,Byzantine,Orthodox,,,,,-
Achaea.E,-,-,-,-,-,,,,,Roman_Infantry_Special/Cataphract_Special/Pronoia_Special
Achaea.M,-,-,Byzantium.70,-,-,,,,,Cataphract_Special/Pronoia_Special
Achaea.L,-,-,-,-,-,,,,,-
Kazan,Kazan,-,-,Bulgar,Sunni,,,,,-
Kazan.E,-,-,-,-,-,,,,,Boyar_Special
Kazan.M,-,-,-,-,-,,,,,Boyar_Special
Kazan.L,-,-,Volga_Bulgaria.60,-,-,,,,,-
Bolghar,Bolghar,-,-,Bulgar,Sunni,,,,,-
Bolghar.E,-,-,-,-,-,,,,,-
Bolghar.M,-,-,-,-,-,,,,,-
Bolghar.L,-,-,Volga_Bulgaria.60,-,-,,,,,-
Mascat,Mascat,-,-,Arab,Muslim.H,,,,,Horse_Archer_Arab
Mascat.E,-,-,Oman.90,-,-,,,,,-
Mascat.M,-,-,-,-,-,,,,,-
Mascat.L,-,-,-,-,-,,,,,-
Connaught,Galway,Dal_Riata,-,Irish,Catholic,,,,,Viking_Special
Connaught.M,-,-,-,-,-,,,,,Hobelar_Special
Connaught.L,-,-,-,-,-,,,,,Hobelar_Special
Homs,Palmyra,-,-,Arab,Sunni,,,,,-
Homs.E,-,-,-,-,-,,,,,-
Homs.M,-,-,-,-,-,,,,,Saracen_Special/Camel_Archer_Special
Homs.L,-,-,-,-,-,,,,,Mamluk_Special
Bosnia,Visoko,-,-,Bosnian,Christian.H,,,,,-
Bosnia.E,-,-,Bosnia.70,-,-,,,,,-
Granada,Granada,Visigoths,-,Spanish,Catholic,,,,,-
Granada.E,-,-,-,-,-,,,,,-
Granada.M,-,-,-,-,-,,,,,-
Granada.L,-,-,-,-,-,,,,,Crossbowman_Special
Ragusa,Dubrovnik,-,-,Dalmatian,Catholic,,,,,-
Ragusa.E,-,-,-,-,-,,,,,-
Ragusa.M,-,-,-,-,-,,,,,-
Munster,Cork,Dal_Riata,-,Irish,Catholic,,,,,Viking_Special
Munster.M,-,-,-,-,-,,,,,Hobelar_Special
Munster.L,-,-,-,-,-,,,,,Hobelar_Special
Bohemia,Prague,Avars,-,Slavic,Pagan,,,,,-
Wadi_Al_Batin,Khafr_Al_Batin,-,-,Arab,Shia,,,,,-
Wadi_Al_Batin.E,-,-,-,-,-,,,,,-
Wadi_Al_Batin.M,-,-,-,-,-,,,,,-
Wadi_Al_Batin.L,-,-,-,-,-,,,,,-
Cyprus,Lefkosia,Byzantium,-,Byzantine,Orthodox,,,,,-
Cyprus.E,-,-,-,-,-,,,,,Cataphract_Special/Pronoia_Special
Cyprus.M,-,-,-,-,-,,,,,Cataphract_Special/Pronoia_Special
Karelia,Vyborg,-,-,Karelian,Pagan,,,,,-
Karelia.M,-,-,-,-,-,,,,,-
Karelia.L,-,-,-,-,-,,,,,-
Brittany,Rennes,-,-,Breton,Catholic,,,,,-
Taoudenni,Taoudenni,-,-,Malinke,Sunni,,,,,-
Taoudenni.E,-,-,-,-,-,,,,,Camel_Archer_Special
Taoudenni.M,-,-,-,Tuareg,-,,,,,-
Taoudenni.L,-,-,-,-,-,,,,,Camel_Archer_Special
Brandenburg,Brandenburg,-,-,German,Catholic,,,,,-
Brandenburg.E,-,-,-,Pomeranian,Pagan,,,,,-
Moravia,Brno,Avars,-,Slavic,Pagan,,,,,-
Moravia.E,-,-,-,-,-,,,,,-
Moravia.M,-,-,-,-,-,,,,,-
Moravia.L,-,-,-,-,-,,,,,-
Bdin,Bdin,Byzantium,-,Byzantine,Orthodox,,,,,-
Bdin.E,-,-,Bulgaria.80,-,-,,,,,-
Bdin.M,-,-,-,-,-,,,,,Boyar_Special
Bdin.L,-,-,Bulgaria.80,-,-,,,,,Boyar_Special
Cherkasy,Cherkasy,-,-,Kyivan,Orthodox,,,,,-
Cherkasy.E,-,-,Kyiv.60,-,-,,,,,-
Cherkasy.M,-,-,-,-,-,,,,,-
Cherkasy.L,-,-,Kyiv.60,-,-,,,,,-
Yedisan,Oleshye,-,Kutrigur,Pagan,,,,,Heavy_Horse_Archer_Steppe
Yedisan.E,-,-,-,-,-,,,,,-
Yedisan.M,-,-,-,-,-,,,,,-
Yedisan.L,-,-,-,-,-,,,,,-
Izyum,Izyum,-,-,Cuman,Pagan,,,,,Heavy_Horse_Archer_Steppe
Izyum.E,-,-,-,-,-,,,,,-
Izyum.M,-,-,-,-,-,,,,,-
Izyum.L,-,-,-,-,-,,,,,-
Poltava,Poltava,-,-,Cuman,Pagan,,,,,-
Poltava.E,-,-,-,-,-,,,,,Heavy_Horse_Archer_Steppe
Poltava.M,-,-,-,Kyivan,Orthodox,,,,,-
Poltava.L,-,-,-,Kyivan,Orthodox,,,,,-
Vyatka,Vyatka,-,-,Bulgar,Pagan,,,,,-
Vyatka.E,-,-,-,-,-,,,,,Boyar_Special
Vyatka.M,-,-,-,-,-,,,,,Boyar_Special
Vyatka.L,-,-,-,-,-,,,,,-
Trondheim,Nidaros,-,-,Norwegian,Catholic,,,,,Feudal_Knight_Special
Trondheim.E,-,-,-,-,-,,,,,Viking_Special
Trondheim.M,-,-,-,-,-,,,,,-
Trondheim.L,-,-,-,-,-,,,,,-
Hordaland,Bergen,-,-,Norwegian,Catholic,,,,,-
Hordaland.E,-,-,-,-,-,,,,,Viking_Special
Hordaland.M,-,-,-,-,-,,,,,-
Hordaland.L,-,-,-,-,-,,,,,-
Rogaland,Stavanger,-,-,Norwegian,Catholic,,,,,-
Rogaland.E,-,-,-,-,-,,,,,Viking_Special
Rogaland.M,-,-,-,-,-,,,,,-
Rogaland.L,-,-,-,-,-,,,,,-
Agder,Oddernes,-,-,Norwegian,Catholic,,,,,-
Agder.E,-,-,-,-,-,,,,,Viking_Special
Agder.M,-,-,-,-,-,,,,,-
Agder.L,-,-,-,-,-,,,,,-
Viken,Oslo,-,-,Norwegian,Catholic,,,,,-
Viken.E,-,-,-,-,-,,,,,Viking_Special
Viken.M,-,-,-,-,-,,,,,-
Viken.L,-,-,-,-,-,,,,,-
Svealand,Falun,-,-,Swedish,Catholic,,,,,-
Svealand.E,-,-,-,-,-,,,,,Viking_Special
Svealand.M,-,-,-,-,-,,,,,-
Svealand.L,-,-,-,-,-,,,,,-
Uppland,Uppsala,-,-,Swedish,Catholic,,,,,-
Uppland.E,-,-,-,-,-,,,,,Viking_Special
Uppland.M,-,-,-,-,-,,,,,-
Uppland.L,-,-,-,-,-,,,,,-
Vastermanland,Vasteras,-,-,Swedish,Catholic,,,,,-
Vastermanland.E,-,-,-,-,-,,,,,Viking_Special
Vastermanland.M,-,-,-,-,-,,,,,-
Vastermanland.L,-,-,-,-,-,,,,,-
Vastergotland,Gothenburg,-,-,Swedish,Catholic,,,,,-
Vastergotland.E,-,-,-,-,Pagan,,,,,Viking_Special
Vastergotland.M,-,-,-,-,-,,,,,-
Vastergotland.L,-,-,-,-,-,,,,,-
Agnafit,Stockholm,-,-,Swedish,Catholic,,,,,-
Agnafit.E,-,-,-,-,-,,,,,Viking_Special
Agnafit.M,-,-,-,-,-,,,,,-
Agnafit.L,-,-,-,-,-,,,,,-
Ostergotland,Linkoping,-,-,Swedish,Catholic,,,,,-
Ostergotland.E,-,-,-,-,-,,,,,Viking_Special
Ostergotland.M,-,-,-,-,-,,,,,-
Ostergotland.L,-,-,-,-,-,,,,,-
Halland,Varberg,-,-,Danish,Catholic,,,,,-
Halland.E,-,-,-,-,-,,,,,Viking_Special
Halland.M,-,-,-,-,-,,,,,-
Halland.L,-,-,-,-,-,,,,,-
Smaland,Kalmar,-,-,Swedish,Catholic,,,,,-
Smaland.E,-,-,-,-,-,,,,,Viking_Special
Smaland.M,-,-,-,-,-,,,,,-
Smaland.L,-,-,-,-,-,,,,,-
Gotland,Visby,-,-,Swedish,Catholic,,,,,-
Gotland.E,-,-,-,-,Pagan,,,,,Viking_Special
Gotland.M,-,-,-,-,-,,,,,-
Gotland.L,-,-,-,-,-,,,,,-
Finland,Turku,-,-,Finnish,Pagan,,,,,-
Finland.E,-,-,-,-,-,,,,,-
Finland.M,-,-,Finland.90,-,-,,,,,-
Finland.L,-,-,Finland.90,-,Catholic,,,,,-
Uusima,Helsinki,-,-,Finnish,Pagan,,,,,-
Uusima.E,-,-,-,-,-,,,,,-
Uusima.M,-,-,-,-,-,,,,,-
Uusima.L,-,-,Finland.90,-,Catholic,,,,,-
Jutland,Aarhus,-,-,Danish,Catholic,,,,,-
Jutland.E,-,-,-,-,-,,,,,Viking_Special
Jutland.M,-,-,-,-,-,,,,,-
Jutland.L,-,-,-,-,-,,,,,-
Schleswig,Schleswig,-,-,Danish,Catholic,,,,,-
Schleswig.E,-,-,-,-,-,,,,,Viking_Special
Schleswig.M,-,-,-,-,-,,,,,-
Schleswig.L,-,-,-,-,-,,,,,-
Zealand,Roskilde,-,-,Danish,Catholic,,,,,-
Zealand.E,-,-,-,-,-,,,,,Viking_Special
Zealand.M,-,-,-,-,-,,,,,-
Zealand.L,-,-,-,-,-,,,,,-
Scania,Malmo,-,-,Danish,Catholic,,,,,-
Scania.E,-,-,-,-,-,,,,,Viking_Special
Scania.M,-,-,-,-,-,,,,,-
Scania.L,-,-,Denmark.80,-,-,,,,,-
London,London,Mercia,-,English,Catholic,,,,50,Man_At_Arms_Special/Longbowman_Special/Feudal_Knight_Special
London.E,-,-,-,-,-,,,,,-
London.M,-,-,-,-,-,,,,,Man_At_Arms_Special/Longbowman_Special/Feudal_Knight_Special/Hobelar_Special
London.L,-,-,-,-,-,,,,,Man_At_Arms_Special/Longbowman_Special/Feudal_Knight_Special/Hobelar_Special
Kent,Canterbury,Mercia,-,English,Catholic,,,,,Man_At_Arms_Special/Longbowman_Special/Feudal_Knight_Special
Kent.E,-,-,-,-,-,,,,,-
Kent.M,-,-,-,-,-,,,,,-
Kent.L,-,-,-,-,-,,,,,-
Hampshire,Winchester,Wessex,-,English,Catholic,,,,,Man_At_Arms_Special/Longbowman_Special/Feudal_Knight_Special
Hampshire.E,-,-,-,-,-,,,,,-
Hampshire.M,-,-,-,-,-,,,,,-
Hampshire.L,-,-,-,-,-,,,,,-
Devon,Exeter,Wessex,-,English,Catholic,,,,,Man_At_Arms_Special/Longbowman_Special/Feudal_Knight_Special
Devon.E,-,-,-,-,-,,,,,-
Devon.M,-,-,-,-,-,,,,,-
Devon.L,-,-,-,-,-,,,,,-
Warwickshire,Warwick,Mercia,-,English,Catholic,,,,,Man_At_Arms_Special/Longbowman_Special/Feudal_Knight_Special
Warwickshire.E,-,-,-,-,-,,,,,-
Warwickshire.M,-,-,-,-,-,,,,,Man_At_Arms_Special/Longbowman_Special/Feudal_Knight_Special/Hobelar_Special
Warwickshire.L,-,-,-,-,-,,,,,Man_At_Arms_Special/Longbowman_Special/Feudal_Knight_Special/Hobelar_Special
Nottinghamshire,Nottingham,-,-,English,Catholic,,,,,Man_At_Arms_Special/Longbowman_Special/Feudal_Knight_Special
Nottinghamshire.E,-,-,-,-,-,,,,,-
Nottinghamshire.M,-,-,-,-,-,,,,,Man_At_Arms_Special/Longbowman_Special/Feudal_Knight_Special/Hobelar_Special
Nottinghamshire.L,-,-,-,-,-,,,,,Man_At_Arms_Special/Longbowman_Special/Feudal_Knight_Special/Hobelar_Special
Yorkshire,York,Northumbria,-,English,Catholic,,,,,Man_At_Arms_Special/Longbowman_Special/Feudal_Knight_Special
Yorkshire.E,-,-,-,-,-,,,,,-
Yorkshire.M,-,-,-,-,-,,,,,Man_At_Arms_Special/Longbowman_Special/Feudal_Knight_Special/Hobelar_Special
Yorkshire.L,-,-,-,-,-,,,,,Man_At_Arms_Special/Longbowman_Special/Feudal_Knight_Special/Hobelar_Special
Northumberland,Newcastle,Northumbria,-,English,Catholic,,,,,Man_At_Arms_Special/Longbowman_Special
Northumberland.E,-,-,-,-,-,,,,,Man_At_Arms_Special/Longbowman_Special/Feudal_Knight_Special
Northumberland.M,-,-,-,-,-,,,,,Man_At_Arms_Special/Longbowman_Special/Feudal_Knight_Special
Northumberland.L,-,-,-,-,-,,,,,Man_At_Arms_Special/Longbowman_Special/Hobelar_Special
Gwynedd,Caernarfon,Powys,-,Welsh,Catholic,,,,,Longbowman_Special
Gwynedd.L,-,-,Gwynedd.70,-,-,,,,,-
Glamorgan,Cardiff,Powys,-,Welsh,Catholic,,,,,Longbowman_Special
Glamorgan.E,-,-,-,-,-,,,,,
Glamorgan.M,-,-,-,-,-,,,,,-
Glamorgan.L,-,-,Gwynedd.70,-,-,,,,,-
Calais,Calais,-,-,Flemish,Catholic,,,,,-
Calais.E,-,-,England.60,-,-,,,,,-
Calais.M,-,-,England.60,-,-,,,,,-
Calais.L,-,-,France.80,-,-,,,,,Flemish_Pikeman_Special
Aquitaine,Bordeaux,Franks,-,French,Catholic,,,,,-
Aquitaine.M,-,-,-,-,-,,,,,-
Aquitaine.L,-,-,-,-,-,,,,,-
Poitou,Poitiers,Franks,-,French,Catholic,,,,,-
Poitou.E,-,-,Aquitaine.90,-,-,,,,,Man_At_Arms_Special/Crossbowman_Special/Feudal_Knight_Special
Poitou.M,-,-,England.60,-,-,,,,,Man_At_Arms_Special/Crossbowman_Special/Feudal_Knight_Special
Poitou.L,-,-,France.60,-,-,,,,,Man_At_Arms_Special
Leinster,Dublin,-,-,Irish,Catholic,,,,,-
Leinster.E,-,-,-,-,-,,,,,Viking_Special
Leinster.M,-,-,Leinster.90,-,-,,,,,Hobelar_Special
Leinster.L,-,-,Leinster.70,-,-,,,,,Hobelar_Special
Lothian,Edinborough,Alba,-,Scottish,Catholic,,,,,Highlander_Special
Lothian.E,-,-,-,-,-,,,,,-
Lothian.M,-,-,-,-,-,,,,,-
Lothian.L,-,-,-,-,-,,,,,-
Aberdeenshire,Aberdeen,Dal_Riata,-,Irish,Catholic,,,,,Highlander_Special
Aberdeenshire.E,-,-,-,-,-,,,,,-
Aberdeenshire.M,-,-,-,-,-,,,,,-
Aberdeenshire.L,-,-,-,-,-,,,,,-
Sutherland,Inverness,Alba,-,Scottish,Catholic,,,,,Highlander_Special
Sutherland.E,-,-,-,-,-,,,,,-
Sutherland.M,-,-,-,-,-,,,,,-
Sutherland.L,-,-,-,-,-,,,,,-
Champagne,Rheims,Franks,-,French,Catholic,,,,,Man_At_Arms_Special
Champagne.L,-,-,Champagne.70,-,-,,,,,Man_At_Arms_Special/Crossbowman_Special/Norman_Special/Flemish_Pikeman_Special
Normandy,Rouen,Franks,-,French,Catholic,,,,,Norman_Special
Normandy.E,-,-,-,-,-,,,,,-
Normandy.M,-,-,England.60,-,-,,,,,-
Normandy.L,-,-,England.60,-,-,,,,,Flemish_Pikeman_Special/Norman_Special
Ile_de_France,Paris,Franks,-,French,Catholic,,,,50,Man_At_Arms_Special/Crossbowman_Special/Feudal_Knight_Special
Ile_de_France.E,-,-,-,-,-,,,,,-
Ile_de_France.M,-,-,-,-,-,,,,,-
Ile_de_France.L,-,-,-,-,-,,,,,-
Anjou,Angers,Franks,-,French,Catholic,,,,,-
Anjou.M,-,-,Anjou.90,-,-,,,,,Man_At_Arms_Special/Crossbowman_Special/Feudal_Knight_Special
Anjou.L,-,-,Anjou.60,-,-,,,,,Man_At_Arms_Special/Crossbowman_Special/Feudal_Knight_Special
Orleannais,Orleans,Franks,-,French,Catholic,,,,,Man_At_Arms_Special/Crossbowman_Special/Feudal_Knight_Special
Orleannais.E,-,-,-,-,-,,,,,-
Orleannais.M,-,-,-,-,-,,,,,-
Orleannais.L,-,-,-,-,-,,,,,-
Lyonnais,Lyon,-,-,French,Catholic,,,,,-
Lyonnais.E,-,-,France.60,-,-,,,,,Man_At_Arms_Special
Lyonnais.M,-,-,France.70,-,-,,,,,Man_At_Arms_Special
Lyonnais.L,-,-,-,-,-,,,,,Man_At_Arms_Special/Crossbowman_Special/Feudal_Knight_Special
Toulouse,Toulouse,Franks,-,French,Catholic,,,,,-
Toulouse.L,-,-,-,-,-,,,,,-
Provence,Marseille,Franks,-,French,Catholic,,,,,Jinetes_Special
Provence.E,-,-,-,-,-,,,,,-
Provence.L,-,-,-,-,-,,,,,-
Burgundy,Dijon,Franks,-,French,Catholic,,,,,Man_At_Arms_Special
Lorraine,Nancy,Franks,-,French,Catholic,,,,,Man_At_Arms_Special
East_Flanders,Ghent,Franks,-,Flemish,Catholic,,,,,-
East_Flanders.E,-,-,-,-,-,,,,,-
East_Flanders.M,-,-,-,-,-,,,,,-
East_Flanders.L,-,-,-,-,-,,,,,Flemish_Pikeman_Special/Feudal_Knight_Special
West_Flanders,Bruges,Franks,-,Flemish,Catholic,,,,,-
West_Flanders.E,-,-,-,-,-,,,,,Feudal_Knight_Special
West_Flanders.M,-,-,-,-,-,,,,,Feudal_Knight_Special
West_Flanders.L,-,-,-,-,-,,,,,Flemish_Pikeman_Special/Feudal_Knight_Special
Friesland,Leeuwarden,-,-,Frisian,Catholic,,,,,-
Friesland.E,-,-,-,-,-,,,,,-
Friesland.M,-,-,-,-,-,,,,,-
Friesland.L,-,-,-,-,-,,,,,-
Holland,The_Hague,-,-,Dutch,Catholic,,,,,-
Holland.E,-,-,-,-,-,,,,,-
Holland.M,-,-,-,-,-,,,,,Feudal_Knight_Special
Holland.L,-,-,-,-,-,,,,,Feudal_Knight_Special
Hamburg,Hamburg,-,Germany.60,German,Catholic,,,,,Man_At_Arms_Special/Feudal_Knight_Special
Hamburg.E,-,-,Germany.90,-,-,,,,,-
Hamburg.M,-,-,-,-,-,,,,,-
Hamburg.L,-,-,-,-,-,,,,,-
Saxony,Hanover,-,-,Saxon,Catholic,,,,,-
Bremen,Bremen,-,Germany.60,German,Catholic,,,,,Man_At_Arms_Special/Feudal_Knight_Special
Bremen.E,-,-,-,-,-,,,,,-
Bremen.M,-,-,-,-,-,,,,,-
Bremen.L,-,-,-,-,-,,,,,-
Thuringia,Erfurt,-,-,German,Catholic,,,,,Man_At_Arms_Special/Feudal_Knight_Special
Thuringia.E,-,-,-,-,-,,,,,-
Thuringia.M,-,-,-,-,-,,,,,-
Thuringia.L,-,-,-,-,-,,,,,-
Pfalz,Worms,-,-,German,Catholic,,,,,Man_At_Arms_Special/Feudal_Knight_Special
Pfalz.E,-,-,-,-,-,,,,,-
Pfalz.M,-,-,-,-,-,,,,,-
Pfalz.L,-,-,-,-,-,,,,,-
Luxembourg,Luxembourg,-,-,German,Catholic,,,,,Man_At_Arms_Special/Feudal_Knight_Special
Rhineland,Cologne,-,-,German,Catholic,,,,,Man_At_Arms_Special/Feudal_Knight_Special
Rhineland.E,-,-,Germany.80,-,-,,,,,-
Rhineland.M,-,-,Germany.80,-,-,,,,,-
Rhineland.L,-,-,-,-,-,,,,,-
Alsace,Strasbourg,-,-,German,Catholic,,,,,Man_At_Arms_Special/Feudal_Knight_Special
Alsace.E,-,-,-,-,-,,,,,-
Alsace.M,-,-,-,-,-,,,,,-
Alsace.L,-,-,-,-,-,,,,,-
Swabia,Konstanz,-,-,German,Catholic,,,,,Man_At_Arms_Special/Feudal_Knight_Special
Swabia.L,-,-,-,-,-,,,,,-
Franconia,Nuremberg,-,-,German,Catholic,,,,,Man_At_Arms_Special
Franconia.E,-,-,-,-,-,,,,,-
Franconia.M,-,-,-,-,-,,,,,-
Franconia.L,-,-,-,-,-,,,,,-
Austria,Vienna,-,-,Austrian,Catholic,,,,,Feudal_Knight_Special
Austria.E,-,-,-,-,-,,,,,-
Tyrol,Innsbruck,-,-,Austrian,Catholic,,,,,Feudal_Knight_Special
Tyrol.E,-,-,Germany.60,-,-,,,,,-
Tyrol.L,-,-,-,-,-,,,,,-
Carinthia,Klagenfurt,-,-,Bavarian,Catholic,,,,,-
Carinthia.L,-,-,-,-,-,,,,,-
Mecklenburg,Wismar,-,-,Pomeranian,Pagan,,,,,-
Mecklenburg.M,-,-,-,-,Catholic,,,,,-
Mecklenburg.L,-,-,-,-,Catholic,,,,,-
Pomerania,Sczieczin,-,-,Pomeranian,Pagan,,,,,-
Pomerania.E,-,-,Denmark.80,-,-,,,,,-
Pomerania.M,-,-,Germany.60,-,Catholic,,,,,-
Pomerania.L,-,-,-,-,Catholic,,,,,-
Kashubia,Gdansk,-,-,Polish,Catholic,,,,,-
Kashubia.E,-,-,-,-,-,,,,,-
Kashubia.M,-,-,-,-,-,,,,,-
Kashubia.L,-,-,-,-,-,,,,,Teutonic_Knight_Special/Teutonic_Knight_Mounted_Special
Prussia,Konigsberg,-,-,Prussian,Pagan,,,,,-
Prussia.L,-,-,-,-,Catholic,,,,,Teutonic_Knight_Special/Teutonic_Knight_Mounted_Special
Pomerelia,Malbork,-,-,Prussian,Pagan,,,,,-
Pomerelia.E,-,-,-,-,-,,,,,-
Pomerelia.M,-,-,Poland.60,-,-,,,,,-
Pomerelia.L,-,-,-,-,Catholic,,,,,Teutonic_Knight_Special/Teutonic_Knight_Mounted_Special
Riga,Riga,-,-,Livonian,Pagan,,,,,-
Riga.E,-,-,-,-,-,,,,,-
Riga.M,-,-,-,-,Catholic,,,,,Teutonic_Knight_Special/Teutonic_Knight_Mounted_Special
Riga.L,-,-,-,-,Catholic,,,,,Teutonic_Knight_Special/Teutonic_Knight_Mounted_Special
Zemaitija,Windau,-,-,Semigallian,Pagan,,,,,-
Zemaitija.E,-,-,-,-,-,,,,,-
Zemaitija.M,-,-,-,-,-,,,,,-
Zemaitija.L,-,-,-,-,Catholic,,,,,Teutonic_Knight_Special/Teutonic_Knight_Mounted_Special
Laanemaa,Haapsalu,-,-,Estonian,Pagan,,,,,-
Laanemaa.E,-,-,-,-,-,,,,,-
Laanemaa.M,-,-,-,-,-,,,,,-
Laanemaa.L,-,-,-,-,Catholic,,,,,-
Estland,Reval,-,-,Estonian,Pagan,,,,,-
Estland.E,-,-,-,-,-,,,,,
Estland.M,-,-,-,-,Catholic,,,,,-
Estland.L,-,-,-,-,Catholic,,,,,Teutonic_Knight_Special/Teutonic_Knight_Mounted_Special
Livonia,Dorpatt,-,-,Livonian,Pagan,,,,,
Livonia.M,-,-,-,-,Catholic,,,,,Teutonic_Knight_Special/Teutonic_Knight_Mounted_Special
Livonia.L,-,-,-,-,Catholic,,,,,Teutonic_Knight_Special/Teutonic_Knight_Mounted_Special
Narva,Narva,-,-,Estonian,Pagan,,,,,-
Narva.E,-,-,-,-,-,,,,,-
Narva.M,-,-,-,-,Catholic,,,,,-
Narva.L,-,-,-,-,Catholic,,,,,Teutonic_Knight_Special/Teutonic_Knight_Mounted_Special
Saaremaa,Arensburg,-,-,Oeselian,Pagan,,,,,-
Saaremaa.L,-,-,-,-,Catholic,,,,,Teutonic_Knight_Special/Teutonic_Knight_Mounted_Special
Kuyava,Torun,-,-,Polish,Catholic,,,,,-
Kuyava.E,-,-,-,-,-,,,,,-
Kuyava.M,-,-,-,-,-,,,,,-
Kuyava.L,-,-,-,-,Catholic,,,,,Teutonic_Knight_Special/Teutonic_Knight_Mounted_Special
Poznan,Poznan,-,-,Polish,Catholic,,,,,-
Poznan.E,-,-,-,-,-,,,,,-
Poznan.M,-,-,-,-,-,,,,,-
Poznan.L,-,-,-,-,-,,,,,-
Sieradz,Sieradz,-,-,Polish,Catholic,,,,,-
Sieradz.E,-,-,-,-,-,,,,,-
Sieradz.M,-,-,-,-,-,,,,,-
Sieradz.L,-,-,-,-,-,,,,,-
Malopolska,Krakow,-,-,Polish,Catholic,,,,,-
Malopolska.E,-,-,-,-,-,,,,,-
Malopolska.M,-,-,-,-,-,,,,,-
Malopolska.L,-,-,-,-,-,,,,,-
Lublin,Lublin,-,-,Polish,Catholic,,,,,-
Lublin.E,-,-,-,-,-,,,,,-
Lublin.M,-,-,-,-,-,,,,,-
Lublin.L,-,-,-,-,-,,,,,-
Mazovia,Plotsk,-,-,Polish,Catholic,,,,,-
Mazovia.E,-,-,-,-,-,,,,,-
Mazovia.M,-,-,-,-,-,,,,,-
Mazovia.L,-,-,-,-,-,,,,,-
Warsawa,Warsawa,-,-,Polish,Catholic,,,,,-
Warsawa.E,-,-,-,-,-,,,,,-
Warsawa.M,-,-,-,-,-,,,,,-
Warsawa.L,-,-,-,-,-,,,,,-
Halychyna,Halych,-,-,Kyivan,Orthodox,,,,,Boyar_Special
Halychyna.E,-,-,,,,,,,,
Halychyna.M,-,-,-,-,-,,,,,-
Halychyna.L,-,-,-,-,-,,,,,-
Ruthenia,Rzeszow,-,-,Kyivan,Orthodox,,,,,Boyar_Special
Ruthenia.E,-,-,-,-,-,,,,,-
Ruthenia.M,-,-,-,-,-,,,,,-
Ruthenia.L,-,-,-,-,-,,,,,-
Volodymyr,Volodymyr,-,-,Kyivan,Orthodox,,,,,Boyar_Special
Volodymyr.E,-,-,-,-,-,,,,,-
Volodymyr.M,-,-,-,-,-,,,,,-
Volodymyr.L,-,-,-,-,-,,,,,-
Silesia,Wroclaw,-,-,Polish,Catholic,,,,,-
Silesia.E,-,-,-,-,-,,,,,-
Silesia.M,-,-,-,-,-,,,,,-
Silesia.L,-,-,-,-,-,,,,,-
Porto,Porto,Visigoths,-,Portuguese,Catholic,,,,,Jinetes_Special
Porto.E,-,-,-,-,-,,,,,-
Porto.M,-,-,-,-,-,,,,,-
Porto.L,-,-,-,-,-,,,,,-
Estremadura,Lisbon,Visigoths,-,Portuguese,Catholic,,,,,-
Estremadura.E,-,-,Portugal.70,Andalusian,Sunni,,,,,-
Estremadura.M,-,-,-,-,-,,,,,Jinetes_Special
Estremadura.L,-,-,-,-,-,,,,,Jinetes_Special
Algarve,Faro,Visigoths,-,Portuguese,Catholic,,,,,-
Algarve.E,-,-,Portugal.70,-,-,,,,,-
Algarve.M,-,-,Portugal.80,-,-,,,,,-
Algarve.L,-,-,-,Portuguese,Catholic,,,,,Jinetes_Special
Galicia,Compostella,Visigoths,-,Spanish,Catholic,,,,,Jinetes_Special
Galicia.M,-,-,-,-,-,,,,,-
Galicia.L,-,-,-,-,-,,,,,-
Leon,Leon,Visigoths,-,Spanish,Catholic,,,,,Man_At_Arms_Special/Jinetes_Special/Feudal_Knight_Special
Leon.E,-,-,Leon.80,-,-,,,,,-
Leon.L,-,-,Leon.70,-,-,,,,,-
Burgos,Burgos,Visigoths,-,Spanish,Catholic,,,,,Man_At_Arms_Special/Jinetes_Special/Feudal_Knight_Special
Burgos.E,-,-,-,-,-,,,,,-
Burgos.M,-,-,-,-,-,,,,,-
Burgos.L,-,-,-,-,-,,,,,-
Salamanca,Salamanca,Visigoths,-,Spanish,Catholic,,,,,Man_At_Arms_Special/Jinetes_Special/Feudal_Knight_Special
Salamanca.E,-,-,-,-,-,,,,,-
Salamanca.M,-,-,-,-,-,,,,,-
Salamanca.L,-,-,-,-,-,,,,,-
Extremadura,Badajoz,Visigoths,-,Spanish,Catholic,,,,,-
Extremadura.E,-,-,Castile.65,-,-,,,,,-
Extremadura.M,-,-,Castile.70,-,-,,,,,-
Extremadura.L,-,-,-,Spanish,Catholic,,,,,Man_At_Arms_Special/Jinetes_Special/Feudal_Knight_Special
Toledo,Toledo,Visigoths,-,Spanish,Catholic,,,,,Man_At_Arms_Special/Jinetes_Special/Feudal_Knight_Special
Toledo.E,-,-,-,-,-,,,,,-
Toledo.M,-,-,-,-,-,,,,,-
Toledo.L,-,-,-,-,-,,,,,-
Andalucia,Seville,Visigoths,-,Spanish,Catholic,,,,50,-
Andalucia.E,-,-,Castile.65,-,-,,,,,-
Andalucia.M,-,-,Castile.70,-,-,,,,,-
Andalucia.L,-,-,-,Spanish,Catholic,,,,,Man_At_Arms_Special/Jinetes_Special/Feudal_Knight_Special
Cordoba,Cordoba,Visigoths,-,Spanish,Catholic,,,,,-
Cordoba.E,-,-,Castile.65,-,-,,,,,-
Cordoba.M,-,-,Castile.70,-,-,,,,,-
Cordoba.L,-,-,-,Spanish,Catholic,,,,,Man_At_Arms_Special/Jinetes_Special/Feudal_Knight_Special
Murcia,Murcia,Visigoths,-,Spanish,Catholic,,,,,-
Murcia.M,-,-,Castile.90,-,-,,,,,-
Murcia.L,-,-,-,Spanish,Catholic,,,,,Man_At_Arms_Special/Jinetes_Special/Feudal_Knight_Special
Zaragoza,Zaragoza,Visigoths,-,Spanish,Catholic,,,,,Jinetes_Special/Feudal_Knight_Special
Zaragoza.E,-,-,-,-,-,,,,,-
Zaragoza.M,-,-,-,-,-,,,,,-
Zaragoza.L,-,-,-,-,-,,,,,-
Catalonia,Barcelona,Visigoths,-,Spanish,Catholic,,,,,Jinetes_Special
Catalonia.E,-,-,-,-,-,,,,,-
Catalonia.M,-,-,Barcelona.60,-,-,,,,,-
Catalonia.L,-,-,Barcelona.60,-,-,,,,,-
Valencia,Valencia,Visigoths,-,Spanish,Catholic,,,,,-
Valencia.E,-,-,Aragon.90,-,-,,,,,-
Valencia.M,-,-,Aragon.70,-,-,,,,,-
Valencia.L,-,-,-,Spanish,Catholic,,,,,Jinetes_Special
Mallorca,Palma,Visigoths,-,Spanish,Catholic,,,,,-
Mallorca.E,-,-,-,Andalusian,Sunni,,,,,Saracen_Special
Mallorca.M,-,-,-,-,-,,,,,Jinetes_Special
Mallorca.L,-,-,-,-,-,,,,,Jinetes_Special
Sardinia,Cagliari,Byzantium,-,Italian,Orthodox,,,,,-
Sardinia.M,-,-,-,-,-,,,,,Pavise_Crossbowman_Special
Sardinia.L,-,-,-,-,-,,,,,Man_At_Arms_Special/Feudal_Knight_Special
Sicily,Palermo,Byzantium,-,Italian,Orthodox,,,,,-
Sicily.M,-,-,-,-,-,,,,,-
Malta,Mdina,-,-,Maltese,Sunni,,,,,Saracen_Special
Malta.E,-,-,-,-,-,,,,,-
Malta.M,-,-,Sicily.80,-,Catholic,,,,,-
Malta.L,-,-,Sicily.60,-,Catholic,,,,,-
Calabria,Reggio,Byzantium,-,Italian,Orthodox,,,,,-
Calabria.E,-,-,-,-,-,,,,,-
Calabria.M,-,-,Sicily.80,-,-,,,,,-
Calabria.L,-,-,-,-,-,,,,,-
Campania,Naples,-,-,Italian,Catholic,,,,,-
Campania.E,-,-,-,-,-,,,,,
Campania.M,-,-,Naples.80,-,-,,,,,Pavise_Crossbowman_Special
Campania.L,-,-,-,-,-,,,,,Man_At_Arms_Special/Pavise_Crossbowman_Special
Apulia,Bari,Byzantium,-,Italian,Orthodox,,,,,-
Apulia.E,-,-,-,-,-,,,,,-
Apulia.M,-,-,-,-,-,,,,,-
Apulia.L,-,-,-,-,-,,,,,Man_At_Arms_Special
Dyrrachion,Durres,Byzantium,-,Byzantine,Orthodox,,,,,-
Dyrrachion.E,-,-,-,-,-,,,,,-
Dyrrachion.M,-,-,-,-,-,,,,,-
Dyrrachion.L,-,-,-,-,Catholic,,,,,-
Latium,Rome,Papal_States,-,Italian,Catholic,,,,200,-
Latium.E,-,-,-,-,-,,,,,-
Latium.M,-,-,-,-,-,,,,,Templar_Knight_Special/Templar_Special/Pavise_Crossbowman_Special
Latium.L,-,-,-,-,-,,,,,Man_At_Arms_Special/Pavise_Crossbowman_Special
Emilia,Bologna,Byzantium,-,Italian,Orthodox,,,,,-
Emilia.E,-,-,-,-,-,,,,,-
Emilia.M,-,-,-,-,-,,,,,Pavise_Crossbowman_Special
Emilia.L,-,-,-,-,-,,,,,Man_At_Arms_Special/Pavise_Crossbowman_Special
Tuscany,Florence,Byzantium,-,Italian,Orthodox,,,,,-
Tuscany.E,-,-,-,-,-,,,,,-
Tuscany.M,-,-,-,-,-,,,,,Pavise_Crossbowman_Special
Tuscany.L,-,-,-,-,-,,,,,Man_At_Arms_Special/Pavise_Crossbowman_Special
Liguria,Genoa,-,-,Italian,Catholic,,,,50,Pavise_Crossbowman_Special
Liguria.E,-,-,-,-,-,,,,,-
Liguria.M,-,-,-,-,-,,,,,-
Liguria.L,-,-,-,-,-,,,,,Pavise_Crossbowman_Special/Man_At_Arms_Special
Narbonnais,Nice,-,-,Occitan,Catholic,,,,,-
Narbonnais.E,-,-,-,-,-,,,,,-
Narbonnais.M,-,-,-,-,-,,,,,-
Narbonnais.L,-,-,-,-,-,,,,,-
Corsica,Ajaccio,Byzantium,-,Italian,Orthodox,,,,,-
Corsica.E,-,-,-,-,-,,,,,-
Corsica.M,-,-,-,-,-,,,,,Pavise_Crossbowman_Special
Corsica.L,-,-,-,-,-,,,,,Man_At_Arms_Special/Pavise_Crossbowman_Special
Lombardy,Milan,Lombards,-,Italian,Catholic,,,,,Pavise_Crossbowman_Special/Man_At_Arms_Special
Lombardy.E,-,-,-,-,-,,,,,-
Lombardy.M,-,-,-,-,-,,,,,-
Lombardy.L,-,-,-,-,-,,,,,-
Veneto,Venice,Venice,-,Italian,Orthodox,,,,50,-
Veneto.E,-,-,-,-,-,,,,,-
Veneto.M,-,-,-,-,-,,,,,Pavise_Crossbowman_Special
Veneto.L,-,-,-,-,-,,,,,Pavise_Crossbowman_Special/Man_At_Arms_Special
Crete,Iraklion,Byzantium,-,Byzantine,Orthodox,,,,,Roman_Infantry_Special
Crete.E,-,-,-,-,-,,,,,Cataphract_Special/Pronoia_Special/Roman_Infantry_Special
Crete.M,-,-,Byzantium.70,-,-,,,,,Pronoia_Special/Roman_Infantry_Special
Crete.L,-,-,Byzantium.60,-,-,,,,,Roman_Infantry_Special
Rhodes,Rhodes,Byzantium,-,Byzantine,Orthodox,,,,,Roman_Infantry_Special
Rhodes.E,-,-,-,-,-,,,,,Cataphract_Special/Pronoia_Special/Roman_Infantry_Special
Rhodes.M,-,-,-,-,-,,,,,Cataphract_Special/Pronoia_Special/Roman_Infantry_Special
Rhodes.L,-,-,Byzantium.60,-,-,,,,,-
Bern,Bern,-,-,Swiss,Catholic,,,,,-
Bern.E,-,-,-,-,-,,,,,-
Bern.M,-,-,-,-,-,,,,,-
Bern.L,-,-,-,-,-,,,,,Halberdier_Special
Zurich,Zurich,-,-,Swiss,Catholic,,,,,-
Zurich.E,-,-,-,-,-,,,,,-
Zurich.M,-,-,-,-,-,,,,,-
Zurich.L,-,-,-,-,-,,,,,Halberdier_Special
Novgorod,Novgorod,-,-,Novgorodian,Orthodox,,,,50,-
Novgorod.E,-,-,Novgorod.80,-,-,,,,,-
Novgorod.M,-,-,-,-,-,,,,,Boyar_Special
Novgorod.L,-,-,Novgorod.80,-,-,,,,,Boyar_Special
Botnia,Ladoga,-,-,Karelian,Pagan,,,,,-
Botnia.E,-,-,-,-,-,,,,,-
Botnia.M,-,-,-,-,Orthodox,,,,,-
Botnia.L,-,-,-,-,Orthodox,,,,,-
Vologda,Vologda,-,-,Kyivan,Orthodox,,,,,Boyar_Special
Vologda.E,-,-,-,-,-,,,,,-
Vologda.M,-,-,-,-,-,,,,,-
Vologda.L,-,-,Vladimir.80,-,-,,,,,-
Ustyug,Ustyug,-,-,Karelian,Pagan,,,,,-
Ustyug.E,-,-,-,-,-,,,,,
Ustyug.M,-,-,-,-,Orthodox,,,,,-
Ustyug.L,-,-,Vladimir.80,-,Orthodox,,,,,-
Yaroslavl,Yaroslavl,-,-,Kyivan,Orthodox,,,,,Boyar_Special
Yaroslavl.E,-,-,-,-,-,,,,,-
Pskov,Pskov,-,-,Novgorodian,Orthodox,,,,,-
Pskov.E,-,-,-,-,-,,,,,Boyar_Special
Pskov.M,-,-,-,-,-,,,,,-
Muscovy,Moscow,-,-,Muscovite,Orthodox,,,,,Boyar_Special
Muscovy.E,-,-,-,-,-,,,,,-
Muscovy.M,-,-,-,-,-,,,,,-
Vladimir,Vladimir,-,-,Kyivan,Orthodox,,,,,Boyar_Special
Vladimir.E,-,-,-,-,-,,,,,-
Vladimir.L,-,-,Vladimir.80,-,-,,,,,-
Suzdal,Suzdal,-,-,Kyivan,Orthodox,,,,,Boyar_Special
Suzdal.E,-,-,-,-,-,,,,,-
Suzdal.M,-,-,-,-,-,,,,,-
Suzdal.L,-,-,Vladimir.80,-,-,,,,,-
Uglich,Uglich,-,-,Novgorodian,Orthodox,,,,,-
Uglich.E,-,-,-,-,-,,,,,-
Uglich.M,-,-,-,-,-,,,,,-
Uglich.L,-,-,Novgorod.80,-,-,,,,,Boyar_Special
Smolensk,Smolensk,-,-,Kyivan,Orthodox,,,,,Boyar_Special
Smolensk.E,-,-,-,-,-,,,,,-
Ryazan,Ryazan,-,-,Kyivan,Orthodox,,,,,Boyar_Special
Ryazan.E,-,-,-,-,-,,,,,-
Tver,Tver,-,-,Novgorodian,Orthodox,,,,,Boyar_Special
Tver.E,-,-,-,-,-,,,,,-
Tver.M,-,-,-,-,-,,,,,-
Rostov,Rostov,-,,Kyivan,Orthodox,,,,,Boyar_Special
Rostov.E,-,-,-,-,-,,,,,-
Rostov.M,-,-,-,-,-,,,,,-
Rostov.L,-,-,Vladimir.70,-,-,,,,,-
Polotsk,Polotsk,-,-,Kyivan,Orthodox,,,,,Boyar_Special
Polotsk.L,-,-,-,-,-,,,,,-
Vytebsk,Vytebsk,-,-,Kyivan,Orthodox,,,,,Boyar_Special
Vytebsk.L,-,-,-,-,-,,,,,-
Lithuania,Vilnius,-,-,Lithuanian,Pagan,,,,,-
Minsk,Minsk,-,-,Kyivan,Orthodox,,,,,Boyar_Special
Minsk.E,-,-,-,-,-,,,,,-
Minsk.M,-,-,-,-,-,,,,,-
Minsk.L,-,-,Polotsk.60,-,-,,,,,-
Berestia,Berestye,-,-,Kyivan,Orthodox,,,,,Boyar_Special
Berestia.E,-,-,Kyiv.70,-,-,,,,,-
Berestia.M,-,-,Kyiv.60,-,-,,,,,-
Berestia.L,-,-,Halych_Volhynia.60,-,-,,,,,-
Polesia,Pinsk,-,-,Kyivan,Orthodox,,,,,Boyar_Special
Polesia.E,-,-,-,-,-,,,,,-
Polesia.M,-,-,-,-,-,,,,,-
Polesia.L,-,-,Polotsk.60,-,-,,,,,-
Turov,Turov,-,-,Kyivan,Orthodox,,,,,Boyar_Special
Turov.E,-,-,-,-,-,,,,,-
Turov.M,-,-,-,-,-,,,,,-
Turov.L,-,-,Halych_Volhynia.60,-,-,,,,,-
Zhytomyr,Zhytomyr,-,-,Kyivan,Orthodox,,,,,Boyar_Special
Zhytomyr.E,-,-,-,-,-,,,,,-
Zhytomyr.M,-,-,-,-,-,,,,,-
Zhytomyr.L,-,-,Poland.60,-,-,,,,,-
Grodno,Grodno,-,-,Yotvingian,Pagan,,,,,-
Grodno.E,-,-,-,-,-,,,,,-
Grodno.M,-,-,-,-,-,,,,,-
Grodno.L,-,-,Poland.60,-,-,,,,,Boyar_Special
Chernigov,Chernigov,-,-,Kyivan,Orthodox,,,,,Boyar_Special
Chernigov.M,-,-,-,-,-,,,,,-
Chernigov.L,-,-,Kyiv.60,-,-,,,,,-
Siveria,Novgorod_Seversky,-,-,Severian,Orthodox,,,,,-
Siveria.E,-,-,-,-,-,,,,,-
Siveria.M,-,-,-,-,-,,,,,-
Siveria.L,-,-,-,-,-,,,,,-
Kyiv,Kyiv,-,-,Kyivan,Orthodox,,,,50,Boyar_Special
Kyiv.L,-,-,Kyiv.80,-,-,,,,,-
Volhynia,Lutsk,-,-,Polish,Orthodox,,,,,-
Volhynia.M,-,-,-,-,-,,,,,-
Volhynia.L,-,-,-,-,-,,,,,-
Podolia,Kamianets,-,-,Polish,Orthodox,,,,,-
Podolia.E,-,-,Kyiv.70,-,-,,,,,-
Podolia.M,-,-,-,-,-,,,,,-
Podolia.L,-,-,Halych_Volhynia.60,-,-,,,,,-
Pereyaslavl,Pereyaslavl,-,-,Kyivan,Orthodox,,,,,Boyar_Special
Pereyaslavl.M,-,-,-,-,-,,,,,-
Pereyaslavl.L,-,-,-,-,-,,,,,-
Trakai,Kaunas,-,-,Lithuanian,Pagan,,,,,-
Trakai.E,-,-,-,-,-,,,,,-
Trakai.M,-,-,-,-,-,,,,,-
Trakai.L,-,-,-,-,-,,,,,-
Belgorod,Belgorod,-,-,Cuman,Pagan,,,,,Heavy_Horse_Archer_Steppe
Belgorod.E,-,-,-,-,-,,,,,-
Belgorod.M,-,-,-,-,-,,,,,-
Belgorod.L,-,-,-,-,-,,,,,-
Nizhniy_Novgorod,Nizhniy_Novgorod,-,-,Kyivan,Orthodox,,,,,-
Nizhniy_Novgorod.E,-,-,-,-,-,,,,,Boyar_Special
Nizhniy_Novgorod.M,-,-,-,-,-,,,,,Boyar_Special
Nizhniy_Novgorod.L,-,-,Vladimir.60,-,-,,,,,-
Voronezh,Voronezh,-,-,Kyivan,Orthodox,,,,,-
Voronezh.E,-,-,-,-,-,,,,,Boyar_Special
Voronezh.M,-,-,-,-,-,,,,,Boyar_Special
Voronezh.L,-,-,Vladimir.60,-,-,,,,,-
Kursk,Kursk,-,-,Severian,Orthodox,,,,,-
Kursk.E,-,-,-,-,-,,,,,-
Kursk.M,-,-,-,-,-,,,,,-
Kursk.L,-,-,Novgorod_Seversk.60,-,-,,,,,-
Samara,Samara,-,-,Bulgar,Sunni,,,,,-
Samara.E,-,-,-,-,-,,,,,-
Samara.M,-,-,-,-,-,,,,,-
Samara.L,-,-,Volga_Bulgaria.60,-,-,,,,,-
Manych,Manych,-,-,Alanian,Orthodox,,,,,-
Manych.E,-,-,-,-,-,,,,,Cataphract_Special
Manych.M,-,-,-,-,-,,,,,Cataphract_Special
Manych.L,-,-,Alania.60,-,-,,,,,-
Crimea,Cherson,Byzantium,-,Byzantine,Orthodox,,,,,-
Crimea.E,-,-,-,-,-,,,,,Cataphract_Special/Pronoia_Special
Crimea.M,-,-,-,-,-,,,,,Cataphract_Special/Pronoia_Special
Crimea.L,-,-,Trebizond.60,-,-,,,,,-
Ukek,Ukek,-,-,Mordvin,Pagan,,,,,-
Ukek.E,-,-,-,-,-,,,,,-
Ukek.M,-,-,Vladimir.80,-,Orthodox,,,,,-
Ukek.L,-,-,Vladimir.70,-,Orthodox,,,,,Mongol_Cavalry_Special/Mongol_Heavy_Lancers_Special
Al_Jadid,New_Sarai,Khazars,-,Khazar,Pagan,,,,,-
Al_Jadid.E,-,-,-,-,-,,,,,-
Al_Jadid.M,-,-,-,-,-,,,,,-
Al_Jadid.L,-,-,-,Mongolian,Sunni,,,,,Mongol_Cavalry_Special/Mongol_Heavy_Lancers_Special
Al_Maqhrus,Old_Sarai,Khazars,-,Khazar,Pagan,,,,,-
Al_Maqhrus.E,-,-,-,-,-,,,,,-
Al_Maqhrus.M,-,-,-,-,-,,,,,-
Al_Maqhrus.L,-,-,-,Mongolian,Sunni,,,,,Mongol_Cavalry_Special/Mongol_Heavy_Lancers_Special
Astrakhan,Xacitarxan,Khazars,-,Khazar,Pagan,,,,,-
Astrakhan.E,-,-,-,-,-,,,,,-
Astrakhan.M,-,-,-,-,-,,,,,-
Astrakhan.L,-,-,-,Mongolian,Sunni,,,,,Mongol_Cavalry_Special/Mongol_Heavy_Lancers_Special
Sarkel,Sarkel,Khazars,-,Khazar,Pagan,,,,,-
Sarkel.E,-,-,-,-,-,,,,,-
Sarkel.M,-,-,-,-,-,,,,,-
Sarkel.L,-,-,-,-,-,,,,,-
Alania,Alania,-,-,Alanian,Orthodox,,,,,-
Alania.E,-,-,-,-,-,,,,,Cataphract_Special
Alania.M,-,-,-,-,-,,,,,Cataphract_Special
Alania.L,-,-,-,-,-,,,,,Cataphract_Special
Taman,Tmutarakhan,-,-,Kyivan,Orthodox,,,,,-
Taman.E,-,-,Byzantium.60,-,-,,,,,Boyar_Special
Taman.M,-,-,-,-,-,,,,,-
Taman.L,-,-,-,-,-,,,,,-
Imereti,Kutaisi,-,-,Abkhazian,Orthodox,,,,,-
Imereti.E,-,-,-,-,-,,,,,-
Imereti.M,-,-,-,-,-,,,,,-
Imereti.L,-,-,-,-,-,,,,,-
Perm,Perm,-,-,Komi,Pagan,,,,,-
Perm.L,-,-,-,-,-,,,,,-
Murom,Murom,-,-,Komi,Pagan,,,,,-
Murom.E,-,-,-,-,Orthodox,,,,,-
Murom.M,-,-,-,-,Orthodox,,,,,-
Murom.L,-,-,Kyiv.70,-,Orthodox,,,,,-
Moldavia,Yash,Bulgaria,-,Bulgarian,Pagan,,,,,-
Moldavia.E,-,-,-,-,-,,,,,-
Moldavia.M,-,-,-,-,-,,,,,-
Bessarabia,Cetatea_Alba,Bulgaria,-,Bulgarian,Pagan,,,,,-
Bessarabia.E,-,-,-,-,-,,,,,-
Bessarabia.M,-,-,Moldavia.60,-,-,,,,,-
Bessarabia.L,-,-,-,-,-,,,,,-
Wallachia,Tirgoviste,Bulgaria,-,Bulgarian,Pagan,,,,,Boyar_Special
Wallachia.E,-,-,-,-,-,,,,,-
Wallachia.M,-,-,Wallachia.70,-,-,,,,,-
Severin,Severin,Bulgaria,-,Bulgarian,Pagan,,,,,-
Severin.E,-,-,-,-,-,,,,,-
Severin.M,-,-,Wallachia.70,-,-,,,,,-
Severin.L,-,-,-,-,-,,,,,-
Buda,Buda,Avars,-,Steppe,Pagan,,,,,Horse_Archer_CE
Buda.E,-,-,-,-,-,,,,,-
Buda.M,-,-,-,-,-,,,,,-
Buda.L,-,-,-,-,-,,,,,-
Nitra,Nitra,Avars,-,Steppe,Pagan,,,,,-
Nitra.E,-,-,-,-,-,,,,,-
Nitra.M,-,-,-,-,-,,,,,-
Nitra.L,-,-,-,-,-,,,,,-
Abauj,Kassa,Avars,-,Steppe,Pagan,,,,,-
Abauj.E,-,-,-,-,-,,,,,-
Abauj.M,-,-,-,-,-,,,,,-
Abauj.L,-,-,-,-,-,,,,,-
Transylvania,Cluj,Avars,-,Steppe,Pagan,,,,,-
Transylvania.E,-,-,-,,-,,,,,-
Transylvania.M,-,-,-,-,-,,,,,Teutonic_Knight_Special/Teutonic_Knight_Mounted_Special
Komarom,Eztergom,Avars,-,Steppe,Pagan,,,,,Horse_Archer_CE
Komarom.E,-,-,-,-,-,,,,,-
Komarom.M,-,-,-,-,-,,,,,-
Komarom.L,-,-,-,-,-,,,,,-
Banat,Temesvar,Avars,-,Steppe,Pagan,,,,,Horse_Archer_CE
Banat.E,-,-,-,-,-,,,,,-
Banat.M,-,-,-,-,-,,,,,-
Banat.L,-,-,-,-,-,,,,,-
Baranya,Pecs,Avars,-,Steppe,Pagan,,,,,Horse_Archer_CE
Baranya.E,-,-,-,-,-,,,,,-
Baranya.M,-,-,-,-,-,,,,,-
Baranya.L,-,-,-,-,-,,,,,-
Branichevo,Belgrade,Byzantium,-,Byzantine,Orthodox,,,,,Boyar_Special
Branichevo.E,-,-,Serbia.75,-,-,,,,,-
Branichevo.M,-,-,Serbia.75,-,-,,,,,-
Branichevo.L,-,-,-,-,-,,,,,-
Hajdusag,Debrecen,Avars,-,Steppe,Pagan,,,,,Horse_Archer_CE
Hajdusag.E,-,-,-,-,-,,,,,-
Hajdusag.M,-,-,-,-,-,,,,,-
Hajdusag.L,-,-,-,-,-,,,,,-
Zagreb,Zagreb,-,-,Croatian,Catholic,,,,,-
Zagreb.E,-,-,-,-,-,,,,,-
Zagreb.M,-,-,-,-,-,,,,,-
Zagreb.L,-,-,-,-,-,,,,,-
Dalmatia,Zadar,Byzantium,-,Byzantine,Orthodox,,,,,-
Dalmatia.E,-,-,-,-,-,,,,,-
Dalmatia.M,-,-,Croatia.90,-,-,,,,,-
Dalmatia.L,-,-,-,-,-,,,,,-
Nis,Nis,Byzantium,-,Byzantine,Orthodox,,,,,-
Nis.E,-,-,Serbia.75,-,-,,,,,-
Nis.M,-,-,Serbia.75,-,-,,,,,-
Nis.L,-,-,-,-,-,,,,,Boyar_Special
Raska,Ras,-,-,Serbian,Orthodox,,,,,Boyar_Special
Raska.E,-,-,-,-,-,,,,,-
Raska.M,-,-,-,-,-,,,,,-
Raska.L,-,-,-,-,-,,,,,-
Scodra,Scodra,-,-,Albanian,Christian.H,,,,,-
Scodra.E,-,-,-,-,-,,,,,-
Scodra.M,-,-,-,-,-,,,,,-
Scodra.L,-,-,-,-,-,,,,,-
Ohrid,Ohrid,Byzantium,-,Byzantine,Orthodox,,,,,-
Ohrid.E,-,-,Bulgaria.80,-,-,,,,,-
Ohrid.M,-,-,-,-,-,,,,,Boyar_Special
Ohrid.L,-,-,Bulgaria.60,-,-,,,,,Boyar_Special
Tarnovo,Tarnovo,Bulgaria,-,Bulgarian,Pagan,,,,,-
Tarnovo.E,-,-,Bulgaria.80,-,-,,,,,-
Tarnovo.M,-,-,-,-,-,,,,,Boyar_Special
Tarnovo.L,-,-,-,-,-,,,,,Boyar_Special
Sredets,Sredets,Byzantium,-,Byzantine,Orthodox,,,,,-
Sredets.E,-,-,Bulgaria.80,-,-,,,,,-
Sredets.M,-,-,-,-,-,,,,,Boyar_Special
Sredets.L,-,-,-,-,-,,,,,Boyar_Special
Constantinopolis,Constantinople,Byzantium,-,Byzantine,Orthodox,,,,200,Varangian_Guard_Special/Roman_Infantry_Special/Pronoia_Special
Constantinopolis.E,-,-,-,-,-,,,,,Varangian_Guard_Special/Roman_Infantry_Special/Cataphract_Special/Pronoia_Special
Constantinopolis.M,-,-,Byzantium.80,-,-,,,,,Varangian_Guard_Special/Roman_Infantry_Special/Cataphract_Special/Pronoia_Special
Constantinopolis.L,-,-,-,-,-,,,,,Varangian_Guard_Special/Roman_Infantry_Special/Pronoia_Special
Thrace,Adrianople,Byzantium,-,Byzantine,Orthodox,,,,,-
Thrace.E,-,-,-,-,-,,,,,Roman_Infantry_Special/Cataphract_Special/Pronoia_Special
Thrace.M,-,-,Byzantium.80,-,-,,,,,Cataphract_Special/Pronoia_Special
Thrace.L,-,-,-,-,-,,,,,Pronoia_Special
Strymon,Thessalonica,Byzantium,-,Byzantine,Orthodox,,,,,-
Strymon.E,-,-,-,-,-,,,,,Roman_Infantry_Special/Cataphract_Special/Pronoia_Special
Strymon.M,-,-,Byzantium.80,-,-,,,,,Varangian_Guard_Special/Pronoia_Special
Strymon.L,-,-,-,-,-,,,,,Pronoia_Special
Bursa,Bursa,Byzantium,-,Byzantine,Orthodox,,,,,-
Bursa.E,-,-,Byzantium.70,-,-,,,,,Cataphract_Special
Bursa.M,-,-,Seljuks.80,-,-,,,,,Pronoia_Special
Bursa.L,-,-,-,-,-,,,,,Jenissary_Special/Sipahi_Special/Pronoia_Special
Nicaea,Nicaea,Byzantium,-,Byzantine,Orthodox,,,,,
Nicaea.E,-,-,-,-,-,,,,,Roman_Infantry_Special/Cataphract_Special/Pronoia_Special
Nicaea.M,-,-,Byzantium.60,-,-,,,,,Varangian_Guard_Special/Pronoia_Special
Nicaea.L,-,-,Nicaea.80,-,-,,,,,Jenissary_Special/Sipahi_Special
Izmir,Smyrna,Byzantium,-,Byzantine,Orthodox,,,,,-
Izmir.E,-,-,-,-,-,,,,,Cataphract_Special/Pronoia_Special
Izmir.M,-,-,Seljuks.80,-,-,,,,,Pronoia_Special
Izmir.L,-,-,Aydin.80,Turkish,Sunni,,,,,Jenissary_Special
Menteshe,Milas,Byzantium,-,Byzantine,Orthodox,,,,,-
Menteshe.E,-,-,-,-,-,,,,,Cataphract_Special/Pronoia_Special
Menteshe.M,-,-,Byzantium.70,Turkmen,Sunni,,,,,Ghulam_Cavalry_Special
Menteshe.L,-,-,-,-,-,,,,,Jenissary_Special
Sardis,Sardis,Byzantium,-,Byzantine,Orthodox,,,,,-
Sardis.E,-,-,Byzantium.60,-,-,,,,,Cataphract_Special/Pronoia_Special
Sardis.M,-,-,-,-,-,,,,,Pronoia_Special
Sardis.L,-,-,Byzantium.60,-,-,,,,,Jenissary_Special
Ankara,Ankara,-,-,Turkish,Sunni,,,,,-
Ankara.E,-,-,Rum.60,-,-,,,,,-
Ankara.M,-,-,-,Turkmen,-,,,,,Ghulam_Cavalry_Special/Jenissary_Special
Ankara.L,-,-,-,-,-,,,,,Sipahi_Special/Jenissary_Special
Lycia,Antalya,Byzantium,-,Byzantine,Orthodox,,,,,-
Lycia.E,-,-,-,-,-,,,,,Cataphract_Special/Pronoia_Special
Lycia.M,-,-,-,-,-,,,,,Pronoia_Special
Lycia.L,-,-,-,-,-,,,,,-
Konya,Konya,-,-,Turkmen,Sunni,,,,,Horse_Archer_Arab/Ghulam_Cavalry_Special
Konya.E,-,-,-,-,-,,,,,Horse_Archer_Arab/Sipahi_Special
Konya.M,-,-,-,-,-,,,,,Horse_Archer_Arab/Sipahi_Special
Konya.L,-,-,-,Turkish,-,,,,,Horse_Archer_Arab/Ghulam_Cavalry_Special/Jenissary_Special
Pontos,Sinope,Byzantium,-,Byzantine,Orthodox,,,,,-
Pontos.E,-,-,-,-,-,,,,,Cataphract_Special/Pronoia_Special
Pontos.M,-,-,Byzantium.60,-,-,,,,,-
Pontos.L,-,-,-,-,-,,,,,Jenissary_Special
Amasya,Amasya,Byzantium,-,Byzantine,Orthodox,,,,,-
Amasya.E,-,-,-,-,-,,,,,Cataphract_Special/Pronoia_Special
Amasya.M,-,-,-,-,-,,,,,Pronoia_Special
Amasya.L,-,-,-,Turkish,Sunni,,,,,Ghulam_Cavalry_Special
Cappadocia,Kayseri,Byzantium,-,Byzantine,Orthodox,,,,,Ghulam_Cavalry_Special
Cappadocia.E,-,-,Byzantium.60,Byzantine,Orthodox,,,,,Cataphract_Special/Pronoia_Special/Ghulam_Cavalry_Special
Cappadocia.M,-,-,-,Turkmen,-,,,,,Ghulam_Cavalry_Special/Jenissary_Special
Cappadocia.L,-,-,-,-,-,,,,,Ghulam_Cavalry_Special/Jenissary_Special
Adiyaman,Samsat,-,-,Turkmen,Sunni,,,,,Horse_Archer_Arab/Ghulam_Cavalry_Special
Adiyaman.E,-,-,-,-,-,,,,,-
Adiyaman.M,-,-,-,-,-,,,,,Jenissary_Special
Adiyaman.L,-,-,-,-,-,,,,,Jenissary_Special
Chaldia,Trebizond,Byzantium,-,Byzantine,Orthodox,,,,,Pronoia_Special
Chaldia.E,-,-,-,-,-,,,,,Cataphract_Special/Pronoia_Special
Chaldia.M,-,-,-,-,-,,,,,Cataphract_Special/Pronoia_Special
Chaldia.L,-,-,-,-,-,,,,,Pronoia_Special
Cilicia,Tarsus,Byzantium,-,Byzantine,Orthodox,,,,,Cataphract_Special
Cilicia.E,-,-,-,-,-,,,,,-
Cilicia.M,-,-,-,-,-,,,,,-
Cilicia.L,-,-,-,-,-,,,,,-
Tbilisi,Tiflis,Byzantium,-,Byzantine,Orthodox,,,,,-
Tbilisi.E,-,-,Georgia.80,-,-,,,,,-
Tbilisi.M,-,-,-,-,-,,,,,-
Tbilisi.L,-,-,-,-,-,,,,,-
Lazika,Tskhumi,Byzantium,-,Byzantine,Orthodox,,,,,-
Lazika.E,-,-,-,-,-,,,,,-
Lazika.M,-,-,-,-,-,,,,,-
Lazika.L,-,-,-,-,-,,,,,-
Tangier,Tangier,-,-,Zenata,Sunni,,,,,Camel_Archer_Special/Camel_Rider_Special
Tangier.E,-,-,-,-,-,,,,,-
Tangier.M,-,-,-,-,-,,,,,-
Tangier.L,-,-,-,-,-,,,,,-
Rabat,Rabat,-,-,Sanhaja,Sunni,,,,,Camel_Archer_Special/Camel_Rider_Special
Rabat.E,-,-,-,Zenata,-,,,,,Camel_Archer_Special/Camel_Rider_Special/Saracen_Special
Rabat.M,-,-,-,-,-,,,,,-
Rabat.L,-,-,-,-,-,,,,,-
Safi,Safi,-,,Sanhaja,Sunni,,,,,Camel_Archer_Special/Camel_Rider_Special
Safi.E,-,-,-,Zenata,-,,,,,-
Safi.M,-,-,-,-,-,,,,,-
Safi.L,-,-,-,-,-,,,,,-
Fez,Fez,-,-,Sanhaja,Sunni,,,,,-
Fez.E,-,-,-,Zenata,-,,,,,-
Fez.M,-,-,-,-,-,,,,,-
Fez.L,-,-,-,-,-,,,,,-
Draa,Sijilmassa,-,-,Zenata,Muslim.H,,,,,-
Draa.E,-,-,-,Zenata,-,,,,,-
Draa.M,-,-,-,-,-,,,,,-
Draa.L,-,-,-,-,-,,,,,-
Marrakesh,Marrakesh,-,-,Zenata,Sunni,,,,50,-
Marrakesh.E,-,-,-,-,-,,,,,-
Marrakesh.M,-,-,-,Masmuda,-,,,,,-
Marrakesh.L,-,-,-,-,-,,,,,-
Asrir,Asrir,-,-,Sanhaja,Sunni,,,,,-
Asrir.E,-,-,-,Zenata,-,,,,,-
Asrir.M,-,-,-,-,-,,,,,-
Asrir.L,-,-,-,-,-,,,,,-
Adrar,Wadan,-,-,Tuareg,Sunni,,,,,Horse_Archer_Arab/Camel_Archer_Special/Camel_Rider_Special
Adrar.E,-,-,-,Sanhaja,-,,,,,-
Adrar.M,-,-,-,-,-,,,,,
Adrar.L,-,-,-,-,-,,,,,
Tamdoult,Tamdoult,-,-,Sanhaja,Sunni,,,,,-
Tamdoult.E,-,-,-,Sanhaja,-,,,,,-
Tamdoult.M,-,-,-,Tuareg,-,,,,,-
Tamdoult.L,-,-,-,-,-,,,,,-
Aden,Aden,-,-,Arab,Sunni,,,,,Horse_Archer_Arab
Aden.E,-,-,-,Persian,-,,,,,-
Aden.M,-,-,-,-,-,,,,,-
Aden.L,-,-,-,-,-,,,,,-
Salalah,Salalah,-,-,Arab,Sunni,,,,,Horse_Archer_Arab
Salalah.E,-,-,-,-,-,,,,,-
Salalah.M,-,-,-,-,-,,,,,-
Salalah.L,-,-,-,-,-,,,,,-
Basra,Basra,Umayyads,-,Arab,Muslim.H,,,,,-
Basra.E,-,-,-,-,Sunni,,,,,-
Basra.M,-,-,-,-,-,,,,,-
Basra.L,-,-,-,Arab,-,,,,,-
Qufa,Qufa,Umayyads,-,Arab,Muslim.H,,,,,-
Qufa.E,-,-,Abbasids.70,-,-,,,,,-
Qufa.M,-,-,-,-,-,,,,,-
Qufa.L,-,-,-,-,-,,,,,-
Baghdad,Baghdad,Umayyads,-,Arab,Muslim.H,,,,200,-
Baghdad.E,-,-,-,-,-,,,,,-
Baghdad.M,-,-,-,-,-,,,,,-
Baghdad.L,-,-,-,-,-,,,,,-
Kermanshah,Kermanshah,-,-,Kurdish,Shia,,,,,-
Kermanshah.E,-,-,-,-,-,,,,,-
Kermanshah.M,-,-,-,-,-,,,,,-
Kermanshah.L,-,-,-,-,-,,,,,-
Raqqa,Raqqa,-,-,Arab,Shia,,,,,-
Raqqa.E,-,-,-,-,-,,,,,-
Raqqa.M,-,-,-,-,-,,,,,-
Raqqa.L,-,-,-,-,-,,,,,-
Tikrit,Tikrit,-,-,Arab,Shia,,,,,-
Tikrit.E,-,-,-,-,-,,,,,-
Tikrit.M,-,-,-,-,-,,,,,-
Tikrit.L,-,-,-,-,-,,,,,-
Kurdistan,Erbil,-,-,Kurdish,Shia,,,,,-
Kurdistan.E,-,-,-,-,-,,,,,-
Kurdistan.M,-,-,-,-,-,,,,,-
Kurdistan.L,-,-,-,-,-,,,,,-
Tabriz,Tabriz,-,-,Kurdish,Shia,,,,,-
Tabriz.E,-,-,-,-,-,,,,,-
Tabriz.M,-,-,-,-,-,,,,,-
Tabriz.L,-,-,-,-,-,,,,,-
Gilan,Rasht,-,-,Deylamite,Shia,,,,,-
Gilan.E,-,-,-,-,-,,,,,-
Shirvan,Shamakhi,-,-,Persian,Shia,,,,,-
Qazvin,Qazvin,-,-,Persian,Shia,,,,,-
Qazvin.E,-,-,-,-,-,,,,,-
Qazvin.M,-,-,-,-,-,,,,,-
Qazvin.L,-,-,-,-,-,,,,,-
Mosul,Mosul,-,-,Arab,Sunni,,,,,-
Mosul.E,-,-,-,-,-,,,,,-
Mosul.M,-,-,-,-,-,,,,,-
Mosul.L,-,-,-,-,-,,,,,-
Erzurum,Erzurum,-,-,Turkmen,Orthodox,,,,,Horse_Archer_Arab/Ghulam_Cavalry_Special
Erzurum.E,-,-,Seljuks.60,-,Sunni,,,,,-
Erzurum.M,-,-,-,-,Sunni,,,,,-
Erzurum.L,-,-,-,Turkish,Sunni,,,,,Ghulam_Cavalry_Special
Taron,Van,-,-,Armenian,Orthodox,,,,,-
Taron.E,-,-,-,-,-,,,,,-
Taron.M,-,-,-,-,-,,,,,-
Taron.L,-,-,-,-,-,,,,,-
Lebanon,Tripoli,-,-,Arab,Shia,,,,,-
Lebanon.E,-,-,-,-,-,,,,,Norman_Special
Lebanon.M,-,-,Jerusalem.60,-,-,,,,,Templar_Knight_Special/Templar_Special/Norman_Special
Lebanon.L,-,-,-,-,-,,,,,-
Antioch,Antioch,-,-,Arab,Sunni,,,,,-
Antioch.L,-,-,Antioch.60,Turkmen,Sunni,,,,,Mamluk_Special
Melitene,Malatya,-,-,Armenian,Orthodox,,,,,-
Melitene.E,-,-,Byzantium.80,-,-,,,,,-
Melitene.M,-,-,-,Turkmen,Sunni,,,,,Ghulam_Cavalry_Special
Melitene.L,-,-,-,Turkish,Sunni,,,,,Ghulam_Cavalry_Special/Jenissary_Special
Edessa,Edessa,-,-,Arab,Sunni,,,,,-
Edessa.E,-,-,Byzantium.60,-,Orthodox,,,,,Norman_Special
Edessa.M,-,-,-,-,-,,,,,-
Edessa.L,-,-,-,-,-,,,,,-
Al_Halab,Aleppo,-,-,Arab,Sunni,,,,,-
Al_Halab.E,-,-,-,-,-,,,,,Horse_Archer_Arab
Al_Halab.M,-,-,Ayyubids.60,-,-,,,,,Horse_Archer_Arab
Al_Halab.L,-,-,-,-,-,,,,,-
Damascus,Damascus,Umayyads,-,Arab,Muslim.H,,,,,-
Damascus.M,-,-,-,-,-,,,,,-
Damascus.L,-,-,-,-,-,,,,,Mamluk_Special
Palestine,Jerusalem,Umayyads,-,Arab,Muslim.H,,,,200,-
Palestine.E,-,-,-,Norman,Catholic,,,,,Templar_Knight_Special/Templar_Special/Templar_Special
Palestine.M,-,-,Jerusalem.60,-,Sunni,,,,,-
Palestine.L,-,-,-,-,Sunni,,,,,Mamluk_Special
Transjordania,Kerak,Umayyads,-,Arab,Muslim.H,,,,,Horse_Archer_Arab
Transjordania.E,-,-,-,-,-,,,,,Saracen_Special/Camel_Archer_Special/Horse_Archer_Arab
Transjordania.M,-,-,Jerusalem.60,-,-,,,,,Saracen_Special/Camel_Archer_Special/Horse_Archer_Arab
Transjordania.L,-,-,-,-,-,,,,,Mamluk_Special/Horse_Archer_Arab
Sinai,Nekhel,Umayyads,-,Arab,Muslim.H,,,,,Horse_Archer_Arab
Sinai.E,-,-,-,-,-,,,,,Saracen_Special/Camel_Archer_Special/Horse_Archer_Arab
Sinai.M,-,-,-,-,-,,,,,Saracen_Special/Camel_Archer_Special/Horse_Archer_Arab
Sinai.L,-,-,-,-,-,,,,,Mamluk_Special/Horse_Archer_Arab
Al_Khanafah,Tebuk,Umayyads,-,Arab,Muslim.H,,,,,Horse_Archer_Arab
Al_Khanafah.E,-,-,-,-,-,,,,,Saracen_Special/Camel_Archer_Special/Horse_Archer_Arab
Al_Khanafah.M,-,-,-,-,-,,,,,Saracen_Special/Camel_Archer_Special/Horse_Archer_Arab
Al_Khanafah.L,-,-,-,-,-,,,,,Horse_Archer_Arab
Yathrib,Medina,Umayyads,-,Arab,Muslim.H,,,,200,-
Yathrib.E,-,-,-,-,-,,,,,Saracen_Special/Camel_Archer_Special
Yathrib.M,-,-,-,-,-,,,,,Saracen_Special/Camel_Archer_Special
Yathrib.L,-,-,-,-,-,,,,,-
Al_Maqqah,Mecca,Umayyads,-,Arab,Muslim.H,,,,200,Saracen_Special/Camel_Archer_Special
Al_Maqqah.E,-,-,-,-,-,,,,,-
Al_Maqqah.M,-,-,-,-,-,,,,,-
Al_Maqqah.L,-,-,-,-,-,,,,,-
Jeddah,Jeddah,Umayyads,-,Arab,Muslim.H,,,,,-
Jeddah.E,-,-,,,,,,,,-
Jeddah.M,-,-,-,-,-,,,,,-
Jeddah.L,-,-,-,-,-,,,,,-
Dumyat,Damietta,Umayyads,-,Arab,Muslim.H,,,,,Horse_Archer_Arab
Dumyat.E,-,-,-,-,-,,,,,-
Dumyat.M,-,-,-,-,-,,,,,-
Dumyat.L,-,-,-,-,-,,,,,Horse_Archer_Arab/Mamluk_Special
Alexandria,Alexandria,Umayyads,-,Arab,Muslim.H,,,,50,Horse_Archer_Arab
Alexandria.E,-,-,-,-,-,,,,,-
Alexandria.M,-,-,-,-,-,,,,,-
Alexandria.L,-,-,-,-,-,,,,,Horse_Archer_Arab/Mamluk_Special
Cairo,Cairo,Umayyads,-,Arab,Muslim.H,,,,50,Horse_Archer_Arab
Cairo.E,-,-,-,-,-,,,,,-
Cairo.M,-,-,-,-,-,,,,,-
Cairo.L,-,-,-,-,-,,,,,Horse_Archer_Arab/Mamluk_Special
Qena,Qift,Umayyads,-,Arab,Muslim.H,,,,,Horse_Archer_Arab
Qena.E,-,-,-,-,-,,,,,-
Qena.M,-,-,-,-,-,,,,,-
Qena.L,-,-,-,-,-,,,,,Horse_Archer_Arab/Mamluk_Special
Aydhab,Aydhab,Umayyads,-,Arab,Muslim.H,,,,,Camel_Archer_Special/Camel_Rider_Special/Horse_Archer_Arab
Aydhab.E,-,-,-,-,-,,,,,-
Aydhab.M,-,-,-,-,-,,,,,-
Aydhab.L,-,-,-,-,-,,,,,Mamluk_Special/Horse_Archer_Arab
Sawakin,Sawakin,Makuria,-,Nubian,Coptic,,,,,Camel_Archer_Special
Sawakin.M,-,-,-,-,-,,,,,-
Sawakin.L,-,-,-,-,-,,,,,-
Faras,Faras,Makuria,-,Nubian,Coptic,,,,,Camel_Archer_Special/Camel_Rider_Special
Faras.E,-,-,-,-,-,,,,,-
Faras.M,-,-,-,-,-,,,,,-
Faras.L,-,-,-,-,-,,,,,-
Dongola,Dongola,Makuria,-,Nubian,Coptic,,,,,Camel_Archer_Special/Camel_Rider_Special
Dongola.E,-,-,-,-,-,,,,,-
Dongola.M,-,-,-,-,-,,,,,-
Dongola.L,-,-,-,-,-,,,,,-
Siwa,Siwa,-,-,Siwi,Sunni,,,,,-
Siwa.E,-,-,-,-,-,,,,,-
Siwa.M,-,-,-,-,-,,,,,-
Siwa.L,-,-,-,-,-,,,,,-
Cyrenaica,Benghazi,Umayyads,-,Arab,Muslim.H,,,,,Horse_Archer_Arab
Cyrenaica.E,-,-,-,-,-,,,,,-
Cyrenaica.M,-,-,-,-,-,,,,,-
Cyrenaica.L,-,-,-,-,-,,,,,Horse_Archer_Arab/Mamluk_Special
Al_Qasr,Dakhla,-,-,Siwi,Sunni,,,,,-
Al_Qasr.M,-,-,Makuria.60,-,-,,,,,-
Al_Qasr.L,-,-,Makuria.60,-,-,,,,,-
Matrouh,Al_Baretoun,Umayyads,-,Arab,Muslim.H,,,,,Horse_Archer_Arab
Matrouh.E,-,-,-,-,-,,,,,-
Matrouh.M,-,-,-,-,-,,,,,-
Matrouh.L,-,-,-,-,-,,,,,Horse_Archer_Arab/Mamluk_Special
Aqaba,Aqaba,Umayyads,-,Arab,Muslim.H,,,,,Horse_Archer_Arab
Aqaba.E,-,-,-,-,-,,,,,Saracen_Special/Camel_Archer_Special/Horse_Archer_Arab
Aqaba.M,-,-,-,-,-,,,,,Saracen_Special/Camel_Archer_Special/Horse_Archer_Arab
Aqaba.L,-,-,-,-,-,,,,,Mamluk_Special/Horse_Archer_Arab
Acre,Acre,Umayyads,-,Arab,Muslim.H,,,,,-
Acre.E,-,-,-,Norman,Catholic,,,,,-
Acre.M,-,-,-,-,-,,,,,Templar_Knight_Special/Teutonic_Knight_Special/Teutonic_Knight_Mounted_Special/Templar_Special
Acre.L,-,-,-,-,-,,,,,-
Samandar,Samandar,Khazars,-,Khazar,Pagan,,,,,-
Samandar.E,-,-,-,-,Orthodox,,,,,-
Samandar.M,-,-,-,-,Orthodox,,,,,-
Samandar.L,-,-,-,-,Sunni,,,,,-
Dagestan,Derbent,Khazars,-,Khazar,Pagan,,,,,-
Dagestan.E,-,-,-,-,-,,,,,-
Dagestan.M,-,-,-,-,-,,,,,-
Dagestan.L,-,-,-,-,-,,,,,-
Pars,Shiraz,-,-,Persian,Shia,,,,,-
Pars.E,-,-,-,-,-,,,,,-
Pars.M,-,-,-,-,-,,,,,-
Pars.L,-,-,-,-,-,,,,,-
Ispahan,Ispahan,-,-,Persian,Shia,,,,,-
Ispahan.E,-,-,-,-,-,,,,,Sipahi_Special
Ispahan.M,-,-,-,-,-,,,,,-
Ispahan.L,-,-,-,-,-,,,,,-
Khuzestan,Hormuz,-,-,Persian,Shia,,,,,-
Khuzestan.E,-,-,-,-,-,,,,,-
Khuzestan.M,-,-,-,-,-,,,,,-
Khuzestan.L,-,-,-,-,-,,,,,-
Hayastan,Ani,-,-,Armenian,Orthodox,,,,,-
Hayastan.E,-,-,-,-,-,,,,,-
Hayastan.M,-,-,-,-,-,,,,,Cataphract_Special
Hayastan.L,-,-,-,-,-,,,,,Cataphract_Special
Cirta,Sirt,Umayyads,-,Berber,Muslim.H,,,,,-
Cirta.E,-,-,-,-,-,,,,,-
Cirta.M,-,-,-,-,-,,,,,-
Cirta.L,-,-,-,-,-,,,,,-
Tripolitania,Trables,Umayyads,-,Berber,Muslim.H,,,,,-
Tripolitania.E,-,-,-,-,-,,,,,-
Tripolitania.M,-,-,-,-,-,,,,,-
Tripolitania.L,-,-,-,-,-,,,,,-
Qeirwan,Qeirwan,Umayyads,-,Berber,Muslim.H,,,,,-
Qeirwan.E,-,-,-,-,-,,,,,-
Qeirwan.M,-,-,-,-,-,,,,,-
Qeirwan.L,-,-,-,-,-,,,,,-
Tunisia,Tunis,Byzantium,-,Byzantine,Orthodox,,,,,-
Tunisia.M,-,-,-,-,-,,,,,-
Tunisia.L,-,-,-,-,-,,,,,-
Algiers,Al_Jazair,-,-,Sanhaja,Sunni,,,,,Camel_Archer_Special/Camel_Rider_Special
Algiers.E,-,-,-,Zenata,-,,,,,-
Algiers.M,-,-,-,-,-,,,,,-
Algiers.L,-,-,-,-,-,,,,,-
Kabylia,Bejaia,-,-,Kabyle,Sunni,,,,,Camel_Archer_Special/Camel_Rider_Special
Kabylia.E,-,-,-,-,-,,,,,-
Kabylia.M,-,-,-,-,-,,,,,-
Kabylia.L,-,-,-,-,-,,,,,-
Tahert,Tahert,-,-,Sanhaja,Sunni,,,,,Camel_Archer_Special/Camel_Rider_Special
Tahert.E,-,-,-,Zenata,-,,,,,-
Tahert.M,-,-,-,-,-,,,,,-
Tahert.L,-,-,-,-,-,,,,,-
Ghat,Ghat,Garamantes,-,Berber,Pagan,,,,,Camel_Archer_Special/Camel_Rider_Special
Ghat.M,-,-,-,-,-,,,,,-
Ghat.L,-,-,-,-,-,,,,,-
Fezzan,Murzuk,Garamantes,-,Berber,Pagan,,,,,-
Fezzan.M,-,-,-,-,-,,,,,-
Fezzan.L,-,-,-,-,-,,,,,-
Kaouar,Bilma,-,-,Tuareg,Sunni,,,,,-
Kaouar.M,-,-,-,-,-,,,,,-
Kaouar.L,-,-,-,Kanembu,-,,,,,Camel_Archer_Special
Asturia,Oviedo,-,-,Spanish,Catholic,,,,,Man_At_Arms_Special/Jinetes_Special/Feudal_Knight_Special
Asturia.E,-,-,-,-,-,,,,,-
Asturia.M,-,-,-,-,-,,,,,-
Asturia.L,-,-,-,-,-,,,,,-
Ascalon,Ascalon,-,-,Arab,Shia,,,,,Horse_Archer_Arab
Ascalon.E,-,-,-,-,-,,,,,Saracen_Special/Camel_Archer_Special/Horse_Archer_Arab
Ascalon.M,-,-,-,-,-,,,,,Teutonic_Knight_Special/Teutonic_Knight_Mounted_Special/Horse_Archer_Arab
Ascalon.L,-,-,Jerusalem.60,-,-,,,,,Saracen_Special/Horse_Archer_Arab
Regensburg,Regensburg,-,-,Bavarian,Catholic,,,,,Man_At_Arms_Special
Regensburg.E,-,-,-,-,-,,,,,-
Regensburg.M,-,-,-,-,-,,,,,-
Regensburg.L,-,-,-,-,-,,,,,-
Ljubljana,Ljubljana,-,-,Bavarian,Catholic,,,,,-
Ljubljana.E,-,-,-,-,-,,,,,-
Ljubljana.M,-,-,-,-,-,,,,,-
Ljubljana.L,-,-,-,-,-,,,,,-
Auvergne,Clermont,-,-,Occitan,Catholic,,,,,Feudal_Knight_Special
Auvergne.E,-,-,-,-,-,,,,,-
Auvergne.M,-,-,-,-,-,,,,,-
Auvergne.L,-,-,-,-,-,,,,,-
Tlemcen,Tlemcen,-,-,Sanhaja,Sunni,,,,,Camel_Rider_Special/Camel_Archer_Special
Tlemcen.E,-,-,-,-,-,,,,,-
Tlemcen.M,-,-,-,-,-,,,,,-
Al_Wahran,Oran,-,-,Sanhaja,Sunni,,,,,Camel_Rider_Special/Camel_Archer_Special
Al_Wahran.E,-,-,-,-,-,,,,,-
Al_Wahran.M,-,-,-,-,-,,,,,-
Al_Wahran.L,-,-,-,-,-,,,,,-
Bacs,Bacs,Avars,-,Slavic,Pagan,,,,,-
Bacs.E,-,-,-,-,-,,,,,-
Bacs.M,-,-,-,-,-,,,,,-
Bacs.L,-,-,-,-,-,,,,,-
Amogjar,Chinguetti,-,-,Sanhaja,Sunni,,,,,-
Amogjar.E,-,-,-,-,-,,,,,-
Amogjar.M,-,-,-,-,-,,,,,-
Amogjar.L,-,-,-,-,-,,,,,-
Alodia,Soba,-,-,Nubian,Orthodox.I,,,,,Camel_Rider_Special/Camel_Archer_Special
Darfur,El_Atrun,-,-,Daju,Pagan,,,,,Camel_Rider_Special/Camel_Archer_Special
Darfur.E,-,-,-,-,-,,,,,-
Darfur.M,-,-,-,-,-,,,,,-
Darfur.L,-,-,-,-,Sunni,,,,,-
Waddai,Wara,-,-,Arab,Sunni,,,,,-
Waddai.E,-,-,-,Kanembu,Pagan,,,,,-
Waddai.M,-,-,-,-,-,,,,,
Waddai.L,-,-,-,-,-,,,,,
Air,Assode,-,-,Tuareg,Sunni,,,,,Camel_Archer_Special/Camel_Rider_Special
Air.M,-,-,-,-,-,,,,,
Air.L,-,-,-,-,-,,,,,
Bushehr,Bushehr,-,-,Persian,Shia,,,,,
Bushehr.E,-,-,-,-,-,,,,,
Bushehr.M,-,-,-,-,-,,,,,
Bushehr.L,-,-,-,-,-,,,,,
Yazd,Yazd,-,-,Persian,Shia,,,,,
Yazd.E,-,-,-,-,-,,,,,Sipahi_Special/Templar_Knight_Special/Templar_Special
Yazd.M,-,-,-,-,-,,,,,
Yazd.L,-,-,-,-,-,,,,,
Vinnytsia,Bratslav,-,-,Kyivan,Orthodox,,,,,
Vinnytsia.E,-,-,-,-,-,,,,,
Vinnytsia.M,-,-,-,-,-,,,,,
Vinnytsia.L,-,-,-,-,-,,,,,
Zalesye,Kostroma,-,-,Kyivan,Orthodox,,,,,
Zalesye.E,-,-,-,-,-,,,,,
Zalesye.M,-,-,-,-,-,,,,,
Zalesye.L,-,-,-,-,-,,,,,
Mologa,Mologa,-,-,Kyivan,Orthodox,,,,,
Mologa.E,-,-,-,-,-,,,,,
Mologa.M,-,-,-,-,-,,,,,
Galitch,Galitch,-,-,Kyivan,Orthodox,,,,,
Galitch.E,-,-,-,-,-,,,,,
Galitch.M,-,-,-,-,-,,,,,
Galitch.L,-,-,-,-,-,,,,,
Meissen,Meissen,-,-,German,Catholic,,,,,
Meissen.E,-,-,-,-,-,,,,,
Meissen.M,-,-,-,-,-,,,,,
Meissen.L,-,-,-,-,-,,,,,
